,date,funds,is_holiday,weekday,is_school_holiday,max_temp,min_temp,rainfall,solar
0,2022-07-04,25294.82,0,0,1,14.0,11.4,0.0,5.0
1,2022-07-05,35762.88,0,1,1,13.5,10.1,12.0,4.7
2,2022-07-06,38736.68,0,2,1,19.0,10.9,10.0,10.9
3,2022-07-07,34504.45,0,3,1,19.1,11.9,0.0,14.1
4,2022-07-08,52519.3,0,4,1,19.2,9.6,0.0,14.2
5,2022-07-09,25652.15,0,5,1,18.8,7.0,0.0,14.2
6,2022-07-10,25455.29,0,6,1,20.5,5.2,0.0,12.7
7,2022-07-11,22235.53,0,0,0,20.2,4.2,0.0,11.0
8,2022-07-12,16772.46,0,1,0,19.6,5.8,0.0,10.6
9,2022-07-13,12114.32,0,2,0,19.3,7.6,4.0,13.8
10,2022-07-14,15379.22,0,3,0,19.8,6.8,0.0,14.5
11,2022-07-15,29933.3,0,4,0,21.4,5.2,0.0,14.4
12,2022-07-16,24977.63,0,5,0,21.5,4.8,0.0,14.6
13,2022-07-17,19847.11,0,6,0,22.8,5.9,0.0,13.3
14,2022-07-18,25094.15,0,0,0,24.8,10.2,0.0,14.5
15,2022-07-19,20595.3,0,1,0,21.2,5.0,0.0,12.4
16,2022-07-20,25272.16,0,2,0,20.3,8.6,0.0,9.9
17,2022-07-21,22945.57,0,3,0,17.8,10.5,2.0,7.2
18,2022-07-22,36398.12,0,4,0,18.0,13.6,23.0,6.6
19,2022-07-23,30959.47,0,5,0,21.5,13.5,4.0,12.8
20,2022-07-24,18334.67,0,6,0,22.6,8.6,0.0,14.7
21,2022-07-25,20712.55,0,0,0,22.4,8.0,0.0,15.0
22,2022-07-26,14581.81,0,1,0,25.7,6.7,0.0,15.4
23,2022-07-27,11564.74,0,2,0,19.9,4.9,0.0,15.5
24,2022-07-28,19513.62,0,3,0,21.3,5.1,0.0,15.6
25,2022-07-29,19640.93,0,4,0,22.3,5.4,0.0,15.7
26,2022-07-30,30168.07,0,5,0,21.2,6.0,0.0,15.4
27,2022-07-31,23348.92,0,6,0,21.1,9.5,0.0,12.0
28,2022-08-01,18525.43,0,0,0,20.6,9.8,0.0,10.8
29,2022-08-02,21130.98,0,1,0,23.7,9.9,0.0,15.3
30,2022-08-03,20879.38,0,2,0,24.3,10.5,0.0,14.2
31,2022-08-04,21677.27,0,3,0,24.3,11.8,0.0,14.1
32,2022-08-05,19543.01,0,4,0,25.7,13.2,0.0,12.0
33,2022-08-06,23628.28,0,5,0,23.1,15.1,4.0,11.8
34,2022-08-07,34564.68,0,6,0,22.3,8.4,0.0,16.5
35,2022-08-08,28112.36,0,0,0,21.4,6.0,0.0,16.7
36,2022-08-09,23527.15,0,1,0,21.6,6.9,0.0,16.3
37,2022-08-10,28910.29,1,2,0,21.8,7.1,0.0,16.6
38,2022-08-11,22721.58,0,3,0,22.5,6.5,0.0,14.4
39,2022-08-12,31994.77,0,4,0,20.5,12.7,0.0,10.2
40,2022-08-13,31671.31,0,5,0,16.9,14.9,0.0,5.6
41,2022-08-14,17421.88,0,6,0,22.5,6.1,3.0,17.4
42,2022-08-15,23532.25,0,0,0,21.7,3.1,0.0,17.5
43,2022-08-16,18716.93,0,1,0,22.1,4.1,0.0,16.4
44,2022-08-17,19674.29,0,2,0,21.9,6.7,1.0,17.3
45,2022-08-18,26827.82,0,3,0,24.4,5.1,0.0,17.9
46,2022-08-19,28695.57,0,4,0,28.4,6.6,0.0,18.0
47,2022-08-20,17929.39,0,5,0,24.5,9.4,0.0,18.1
48,2022-08-21,19167.27,0,6,0,22.5,8.4,0.0,15.5
49,2022-08-22,15158.2,0,0,0,21.9,7.4,0.0,13.7
50,2022-08-23,15585.98,0,1,0,25.5,10.3,0.0,16.0
51,2022-08-24,23535.23,0,2,0,20.6,8.1,3.0,18.7
52,2022-08-25,26681.67,0,3,0,22.3,6.0,0.0,18.8
53,2022-08-26,25427.54,0,4,0,22.3,5.8,0.0,16.9
54,2022-08-27,17856.97,0,5,0,23.7,6.4,0.0,17.8
55,2022-08-28,18449.08,0,6,0,23.8,9.7,0.0,15.8
56,2022-08-29,20059.28,0,0,0,24.5,11.4,0.0,14.3
57,2022-08-30,22801.68,0,1,0,20.4,12.2,0.0,7.9
58,2022-08-31,28778.73,0,2,0,24.4,15.6,7.0,14.5
59,2022-09-01,27814.79,0,3,0,23.3,9.0,0.0,17.5
60,2022-09-02,25917.92,0,4,0,19.7,12.9,0.0,7.8
61,2022-09-03,28203.2,0,5,0,19.3,14.3,19.0,11.7
62,2022-09-04,20053.46,0,6,0,21.9,13.7,4.0,14.8
63,2022-09-05,16616.72,0,0,0,21.7,7.5,0.0,15.6
64,2022-09-06,22715.76,0,1,0,22.9,9.1,0.0,16.1
65,2022-09-07,27232.24,0,2,0,22.8,7.7,0.0,17.0
66,2022-09-08,24089.65,0,3,0,23.2,8.2,0.0,14.1
67,2022-09-09,28728.42,0,4,0,23.3,13.3,9.0,12.5
68,2022-09-10,23567.12,0,5,0,26.0,11.7,3.0,19.9
69,2022-09-11,20754.08,0,6,0,25.3,11.5,0.0,20.6
70,2022-09-12,22668.31,0,0,0,24.0,15.4,0.0,16.0
71,2022-09-13,25081.85,0,1,0,25.8,12.3,0.0,21.3
72,2022-09-14,32469.57,0,2,0,24.1,10.5,0.0,16.7
73,2022-09-15,26640.11,0,3,0,22.9,12.7,0.0,14.2
74,2022-09-16,41015.28,0,4,0,22.5,15.7,5.0,9.8
75,2022-09-17,30607.39,0,5,1,29.9,13.6,0.0,18.3
76,2022-09-18,31078.56,0,6,1,27.2,9.5,0.0,22.2
77,2022-09-19,49599.81,0,0,1,29.3,8.5,0.0,22.1
78,2022-09-20,48379.58,0,1,1,27.8,9.5,0.0,22.6
79,2022-09-21,54951.95,0,2,1,24.4,14.6,0.0,10.6
80,2022-09-22,40177.35,1,3,1,22.4,17.4,12.0,9.9
81,2022-09-23,39484.31,0,4,1,25.6,15.4,32.0,18.3
82,2022-09-24,30775.51,0,5,1,28.3,13.9,0.0,22.5
83,2022-09-25,37572.61,0,6,1,27.1,13.1,0.0,23.4
84,2022-09-26,54774.13,0,0,1,27.9,13.8,0.0,22.2
85,2022-09-27,47084.27,0,1,1,25.9,16.0,0.0,13.6
86,2022-09-28,54620.1,0,2,1,26.4,15.9,0.0,15.9
87,2022-09-29,45687.6,0,3,1,22.5,14.7,0.0,14.2
88,2022-09-30,27283.88,0,4,1,27.3,9.4,0.0,23.5
89,2022-10-01,33194.78,0,5,1,22.7,13.9,0.0,13.4
90,2022-10-02,29782.28,0,6,1,18.6,10.0,9.0,10.8
91,2022-10-03,16045.07,1,0,1,23.7,10.4,5.0,22.0
92,2022-10-04,25005.18,0,1,0,24.0,10.3,0.0,19.9
93,2022-10-05,26012.98,0,2,0,25.1,11.7,0.0,21.1
94,2022-10-06,24663.16,0,3,0,23.1,16.2,1.0,11.5
95,2022-10-07,27686.23,0,4,0,24.6,13.1,0.0,16.3
96,2022-10-08,30616.71,0,5,0,26.9,16.4,0.0,18.6
97,2022-10-09,20679.76,0,6,0,27.2,19.0,5.0,13.4
98,2022-10-10,21366.98,0,0,0,23.3,17.1,2.0,15.8
99,2022-10-11,18743.26,0,1,0,24.6,12.5,0.0,21.3
100,2022-10-12,18192.24,0,2,0,24.8,14.8,0.0,18.9
101,2022-10-13,19708.7,0,3,0,26.2,14.0,0.0,22.1
102,2022-10-14,27634.18,0,4,0,27.0,16.8,1.0,16.9
103,2022-10-15,21262.47,0,5,0,27.2,13.6,0.0,24.5
104,2022-10-16,16646.97,0,6,0,25.8,15.4,0.0,15.8
105,2022-10-17,21335.78,0,0,0,24.6,17.0,0.0,12.4
106,2022-10-18,20908.77,0,1,0,26.0,15.5,0.0,19.0
107,2022-10-19,25351.51,0,2,0,23.5,18.9,0.0,7.6
108,2022-10-20,20256.12,0,3,0,24.4,18.0,17.0,10.6
109,2022-10-21,25224.51,0,4,0,23.9,20.7,0.0,9.5
110,2022-10-22,23127.1,0,5,0,22.3,19.1,8.0,7.5
111,2022-10-23,17023.55,0,6,0,24.1,17.5,62.0,9.0
112,2022-10-24,19009.66,0,0,0,30.9,17.1,4.0,27.1
113,2022-10-25,25132.45,0,1,0,28.7,17.8,6.0,17.8
114,2022-10-26,16176.26,0,2,0,32.0,19.9,1.0,27.0
115,2022-10-27,18495.52,0,3,0,34.6,17.3,0.0,25.4
116,2022-10-28,18101.97,0,4,0,31.7,19.0,0.0,28.1
117,2022-10-29,11775.88,0,5,0,30.7,14.1,0.0,28.0
118,2022-10-30,10700.12,0,6,0,30.4,13.9,0.0,28.4
119,2022-10-31,14964.2,0,0,0,29.5,16.1,0.0,22.7
120,2022-11-01,15539.69,0,1,0,25.8,20.2,10.0,11.8
121,2022-11-02,13554.93,0,2,0,23.8,14.0,0.0,28.8
122,2022-11-03,23642.11,0,3,0,24.2,10.5,0.0,28.4
123,2022-11-04,28439.6,0,4,0,25.5,10.4,0.0,28.9
124,2022-11-05,18511.47,0,5,0,25.2,13.6,0.0,24.9
125,2022-11-06,18068.79,0,6,0,26.1,14.1,0.0,27.4
126,2022-11-07,11567.52,0,0,0,26.0,14.1,0.0,27.9
127,2022-11-08,16639.510000000002,0,1,0,25.5,11.9,0.0,19.2
128,2022-11-09,12619.81,0,2,0,25.9,11.5,1.0,22.8
129,2022-11-10,17684.14,0,3,0,26.1,12.6,0.0,27.8
130,2022-11-11,21857.77,0,4,0,27.5,12.1,0.0,26.8
131,2022-11-12,24941.36,0,5,0,29.8,14.0,0.0,27.9
132,2022-11-13,17499.77,0,6,0,29.3,16.8,0.0,29.0
133,2022-11-14,21319.67,0,0,0,30.2,19.8,0.0,24.4
134,2022-11-15,15526.69,0,1,0,33.2,18.9,0.0,29.4
135,2022-11-16,10675.77,0,2,0,30.1,15.3,0.0,28.9
136,2022-11-17,12967.5,0,3,0,25.0,15.2,0.0,24.1
137,2022-11-18,17265.82,0,4,0,27.6,11.5,0.0,28.5
138,2022-11-19,20634.88,0,5,0,29.5,14.0,0.0,27.6
139,2022-11-20,12888.16,0,6,0,35.2,19.5,1.0,16.8
140,2022-11-21,14205.75,0,0,0,34.3,20.1,2.0,25.3
141,2022-11-22,14510.32,0,1,0,30.5,16.7,0.0,26.6
142,2022-11-23,11318.24,0,2,0,27.0,17.3,0.0,16.0
143,2022-11-24,30977.22,0,3,0,29.9,15.1,0.0,18.5
144,2022-11-25,25379.7,0,4,0,32.5,15.3,0.0,28.6
145,2022-11-26,16538.01,0,5,0,33.9,15.4,0.0,30.7
146,2022-11-27,23590.69,0,6,0,29.8,18.5,0.0,18.0
147,2022-11-28,24446.6,0,0,0,32.3,21.3,1.0,23.4
148,2022-11-29,19251.13,0,1,0,29.8,20.6,39.0,15.4
149,2022-11-30,22770.81,0,2,0,23.0,21.4,0.0,4.7
150,2022-12-01,21773.7,0,3,0,22.2,15.5,22.0,6.6
151,2022-12-02,27664.92,0,4,0,26.1,15.4,15.0,20.9
152,2022-12-03,22890.94,0,5,0,26.8,14.5,0.0,23.2
153,2022-12-04,16712.62,0,6,0,26.4,15.7,0.0,20.8
154,2022-12-05,19265.28,0,0,0,30.4,16.1,0.0,28.0
155,2022-12-06,26206.83,0,1,0,36.8,18.3,0.0,30.3
156,2022-12-07,16939.71,0,2,0,31.5,16.8,0.0,30.9
157,2022-12-08,23222.63,0,3,0,30.1,20.1,6.0,29.1
158,2022-12-09,18971.68,0,4,0,27.1,20.2,0.0,27.3
159,2022-12-10,20107.11,0,5,1,26.7,20.2,0.0,17.5
160,2022-12-11,18262.51,0,6,1,28.5,16.7,0.0,27.4
161,2022-12-12,24559.74,0,0,1,30.5,18.8,0.0,24.8
162,2022-12-13,19536.2,0,1,1,29.1,21.0,13.0,21.8
163,2022-12-14,18738.54,0,2,1,32.7,19.3,0.0,30.5
164,2022-12-15,20327.33,0,3,1,29.0,17.2,0.0,20.9
165,2022-12-16,21678.43,0,4,1,28.1,18.5,1.0,25.7
166,2022-12-17,19646.52,0,5,1,26.7,16.5,0.0,26.7
167,2022-12-18,18708.4,0,6,1,26.5,16.4,0.0,23.8
168,2022-12-19,19036.45,0,0,1,26.3,16.0,0.0,23.2
169,2022-12-20,19263.91,0,1,1,27.9,15.7,0.0,29.9
170,2022-12-21,22411.6,0,2,1,27.1,15.7,0.0,26.1
171,2022-12-22,20595.22,0,3,1,27.7,18.8,0.0,22.2
172,2022-12-23,17733.4,0,4,1,29.6,17.6,0.0,26.0
173,2022-12-24,14328.58,0,5,1,26.9,20.8,0.0,7.5
174,2022-12-25,4437.49,1,6,1,28.35,20.25,0.0,18.7
175,2022-12-26,18615.24,1,0,1,29.8,19.7,1.0,28.3
176,2022-12-27,32697.76,1,1,1,28.8,19.1,1.0,26.3
177,2022-12-28,32099.97,0,2,1,29.4,18.7,0.0,25.8
178,2022-12-29,36898.13,0,3,1,29.3,15.9,0.0,18.6
179,2022-12-30,37371.58,0,4,1,27.8,20.8,1.0,15.0
180,2022-12-31,21274.71,0,5,1,29.7,20.3,4.0,24.8
181,2023-01-01,15438.44,1,6,1,29.9,19.1,0.0,23.8
182,2023-01-02,35679.2,1,0,1,30.7,17.5,0.0,24.7
183,2023-01-03,39982.59,0,1,1,31.9,17.1,0.0,26.9
184,2023-01-04,44340.74,0,2,1,34.4,19.6,0.0,26.3
185,2023-01-05,50054.52,0,3,1,28.5,21.8,42.0,7.2
186,2023-01-06,38502.08,0,4,1,29.55,19.4,2.0,25.9
187,2023-01-07,35460.07,0,5,1,30.6,18.3,0.0,27.4
188,2023-01-08,31128.84,0,6,1,30.3,20.2,0.0,23.4
189,2023-01-09,34785.55,0,0,1,31.0,21.6,0.0,27.9
190,2023-01-10,38140.22,0,1,1,31.4,19.6,0.0,28.7
191,2023-01-11,35631.82,0,2,1,30.4,16.6,0.0,28.1
192,2023-01-12,31467.77,0,3,1,30.25,19.2,0.0,22.0
193,2023-01-13,40968.84,0,4,1,30.1,18.7,0.0,24.1
194,2023-01-14,31653.31,0,5,1,26.1,20.4,1.0,12.9
195,2023-01-15,28648.44,0,6,1,29.7,18.2,0.0,24.1
196,2023-01-16,35029.83,0,0,1,28.4,20.1,1.0,13.6
197,2023-01-17,30115.06,0,1,1,29.8,19.2,0.0,26.2
198,2023-01-18,37749.33,0,2,1,29.7,17.8,0.0,29.2
199,2023-01-19,30882.31,0,3,1,31.5,16.4,0.0,30.6
200,2023-01-20,39806.01,0,4,1,30.3,20.8,7.0,17.5
201,2023-01-21,23063.78,0,5,1,30.8,17.4,0.0,27.0
202,2023-01-22,20616.93,0,6,1,30.0,16.9,0.0,23.5
203,2023-01-23,15685.21,0,0,0,31.5,17.4,0.0,26.8
204,2023-01-24,15367.46,0,1,0,32.8,21.7,3.0,20.0
205,2023-01-25,23838.32,0,2,0,32.3,20.7,33.0,21.8
206,2023-01-26,20990.81,1,3,0,34.5,21.9,0.0,27.6
207,2023-01-27,27109.48,0,4,0,31.0,23.2,0.0,14.0
208,2023-01-28,24239.22,0,5,0,33.7,20.6,0.0,20.6
209,2023-01-29,24863.33,0,6,0,32.9,23.2,1.0,25.5
210,2023-01-30,13207.87,0,0,0,32.3,23.3,0.0,22.9
211,2023-01-31,9989.95,0,1,0,33.7,22.6,9.0,22.5
212,2023-02-01,17112.079999999998,0,2,0,34.7,23.6,4.0,24.2
213,2023-02-02,22442.82,0,3,0,32.0,24.6,0.0,19.3
214,2023-02-03,25561.07,0,4,0,35.9,23.2,0.0,24.8
215,2023-02-04,37246.28,0,5,0,29.3,26.1,0.0,11.7
216,2023-02-05,26967.16,0,6,0,32.1,20.4,6.0,28.4
217,2023-02-06,13733.56,0,0,0,31.1,18.4,0.0,28.5
218,2023-02-07,16379.28,0,1,0,30.6,18.5,0.0,23.7
219,2023-02-08,17703.12,0,2,0,30.4,19.8,0.0,24.4
220,2023-02-09,17714.83,0,3,0,29.0,20.6,0.0,16.6
221,2023-02-10,24956.15,0,4,0,31.1,19.0,0.0,26.4
222,2023-02-11,26458.69,0,5,0,34.4,17.8,0.0,28.7
223,2023-02-12,20536.85,0,6,0,37.1,19.5,0.0,28.1
224,2023-02-13,15967.0,0,0,0,35.4,23.3,0.0,24.5
225,2023-02-14,17240.45,0,1,0,30.7,22.4,0.0,14.0
226,2023-02-15,14127.57,0,2,0,28.8,17.8,18.0,22.3
227,2023-02-16,17978.29,0,3,0,30.0,16.3,0.0,27.0
228,2023-02-17,19310.28,0,4,0,30.9,16.7,0.0,27.6
229,2023-02-18,33352.71,0,5,0,31.4,18.9,0.0,27.7
230,2023-02-19,20451.35,0,6,0,30.2,20.3,0.0,22.1
231,2023-02-20,18492.22,0,0,0,29.6,21.0,0.0,16.1
232,2023-02-21,11327.04,0,1,0,29.9,19.8,0.0,23.2
233,2023-02-22,21015.6,0,2,0,29.4,19.8,3.0,20.6
234,2023-02-23,17925.35,0,3,0,29.1,18.9,7.0,18.5
235,2023-02-24,25653.61,0,4,0,28.0,19.0,0.0,20.5
236,2023-02-25,28405.34,0,5,0,29.0,16.8,7.0,25.4
237,2023-02-26,18877.73,0,6,0,30.1,16.5,0.0,25.4
238,2023-02-27,16454.73,0,0,0,31.5,18.9,0.0,25.4
239,2023-02-28,16886.86,0,1,0,31.6,21.6,0.0,25.4
240,2023-03-01,19066.09,0,2,0,31.9,19.6,0.0,26.3
241,2023-03-02,19905.38,0,3,0,29.1,23.2,5.0,10.4
242,2023-03-03,19257.09,0,4,0,30.8,20.5,0.0,21.9
243,2023-03-04,30859.07,0,5,0,30.9,18.2,0.0,20.0
244,2023-03-05,19490.42,0,6,0,30.7,16.6,0.0,25.6
245,2023-03-06,11237.8,0,0,0,31.0,18.4,0.0,25.0
246,2023-03-07,12689.78,0,1,0,32.9,19.4,0.0,24.3
247,2023-03-08,16908.51,0,2,0,30.5,23.3,0.0,8.8
248,2023-03-09,22799.68,0,3,0,29.1,23.5,0.0,7.8
249,2023-03-10,27706.21,0,4,0,29.9,21.4,0.0,11.2
250,2023-03-11,31259.79,0,5,0,28.6,21.2,3.0,12.5
251,2023-03-12,23816.69,0,6,0,30.8,22.4,4.0,7.9
252,2023-03-13,17129.73,0,0,0,32.4,21.6,11.0,19.8
253,2023-03-14,18331.64,0,1,0,32.5,20.0,0.0,22.3
254,2023-03-15,16830.9,0,2,0,32.4,21.2,0.0,20.0
255,2023-03-16,23625.61,0,3,0,35.6,20.7,7.0,23.1
256,2023-03-17,23749.35,0,4,0,36.9,22.7,0.0,23.5
257,2023-03-18,26720.21,0,5,0,34.3,21.6,0.0,23.7
258,2023-03-19,22392.63,0,6,0,32.4,20.8,0.0,21.9
259,2023-03-20,15478.55,0,0,0,32.8,18.9,0.0,22.2
260,2023-03-21,13676.8,0,1,0,30.4,21.7,1.0,19.8
261,2023-03-22,16596.17,0,2,0,27.0,21.1,11.0,14.7
262,2023-03-23,22529.04,0,3,0,28.7,19.5,0.0,18.4
263,2023-03-24,21326.29,0,4,0,32.6,16.8,0.0,22.1
264,2023-03-25,24803.72,0,5,0,30.8,21.1,0.0,13.1
265,2023-03-26,23015.9,0,6,0,28.9,19.2,30.0,14.9
266,2023-03-27,13634.47,0,0,0,30.9,19.3,1.0,20.6
267,2023-03-28,17451.45,0,1,0,31.2,20.8,0.0,18.8
268,2023-03-29,17615.09,0,2,0,26.9,23.3,0.0,8.3
269,2023-03-30,28491.69,0,3,0,31.3,19.6,19.0,17.7
270,2023-03-31,24183.69,0,4,0,29.3,13.6,0.0,21.0
271,2023-04-01,31971.02,0,5,1,24.9,18.0,0.0,8.8
272,2023-04-02,32120.8,0,6,1,29.3,13.7,0.0,19.4
273,2023-04-03,34407.07,0,0,1,28.4,16.0,0.0,17.8
274,2023-04-04,37410.51,0,1,1,28.6,18.4,1.0,18.6
275,2023-04-05,30519.11,0,2,1,30.3,16.1,0.0,20.5
276,2023-04-06,43834.07,0,3,1,28.1,15.9,0.0,16.1
277,2023-04-07,43723.82,1,4,1,25.1,17.2,0.0,6.1
278,2023-04-08,32469.14,1,5,1,28.0,18.3,29.0,20.3
279,2023-04-09,29159.51,1,6,1,27.6,14.9,0.0,20.2
280,2023-04-10,37872.11,1,0,1,26.3,13.7,0.0,18.9
281,2023-04-11,39876.93,0,1,1,27.1,11.8,0.0,19.9
282,2023-04-12,46204.97,0,2,1,27.9,9.4,0.0,19.3
283,2023-04-13,38306.3,0,3,1,28.1,10.9,0.0,19.6
284,2023-04-14,29690.07,0,4,1,27.9,11.8,0.0,17.7
285,2023-04-15,30323.52,0,5,1,27.5,13.7,0.0,16.7
286,2023-04-16,20238.44,0,6,1,29.4,14.4,0.0,18.7
287,2023-04-17,18383.73,0,0,0,29.6,19.2,0.0,13.6
288,2023-04-18,19058.19,0,1,0,27.6,16.8,0.0,17.9
289,2023-04-19,19317.82,0,2,0,27.1,16.2,0.0,13.9
290,2023-04-20,18104.01,0,3,0,27.3,12.0,0.0,15.9
291,2023-04-21,31257.14,0,4,0,25.0,16.1,0.0,11.6
292,2023-04-22,28664.31,0,5,0,26.6,16.6,0.0,15.8
293,2023-04-23,28569.68,0,6,0,27.5,13.5,0.0,16.9
294,2023-04-24,23234.82,0,0,0,26.6,15.5,0.0,13.2
295,2023-04-25,15291.84,1,1,0,23.8,16.5,12.0,13.1
296,2023-04-26,14835.25,0,2,0,22.9,14.5,2.0,12.3
297,2023-04-27,16137.73,0,3,0,24.9,14.9,4.0,14.4
298,2023-04-28,26976.7,0,4,0,25.7,15.6,3.0,16.3
299,2023-04-29,33320.73,0,5,0,24.8,13.3,0.0,13.2
300,2023-04-30,27496.33,0,6,0,25.0,15.9,8.0,16.5
301,2023-05-01,22957.65,1,0,0,24.3,12.2,0.0,17.1
302,2023-05-02,19323.81,0,1,0,23.7,10.6,0.0,13.9
303,2023-05-03,15315.43,0,2,0,26.8,11.5,0.0,16.8
304,2023-05-04,18367.59,0,3,0,27.0,7.5,0.0,16.7
305,2023-05-05,17875.06,0,4,0,25.1,11.8,0.0,14.8
306,2023-05-06,26499.98,0,5,0,26.5,10.5,0.0,15.6
307,2023-05-07,22817.5,0,6,0,26.4,12.7,0.0,12.4
308,2023-05-08,11458.77,0,0,0,21.9,6.1,0.0,16.2
309,2023-05-09,13429.95,0,1,0,23.3,6.7,0.0,16.1
310,2023-05-10,13825.85,0,2,0,24.2,7.4,0.0,15.2
311,2023-05-11,15179.93,0,3,0,24.7,9.5,0.0,15.3
312,2023-05-12,20620.51,0,4,0,24.8,12.0,1.0,14.2
313,2023-05-13,25227.28,0,5,0,24.9,10.8,0.0,15.3
314,2023-05-14,22077.12,0,6,0,21.7,12.1,0.0,8.0
315,2023-05-15,20371.77,0,0,0,24.6,15.7,10.0,12.2
316,2023-05-16,12894.51,0,1,0,18.7,16.2,60.0,7.6
317,2023-05-17,14776.96,0,2,0,23.8,12.6,1.0,14.4
318,2023-05-18,21959.06,0,3,0,23.0,11.3,0.0,14.8
319,2023-05-19,23783.11,0,4,0,21.9,6.6,0.0,15.2
320,2023-05-20,26576.16,0,5,0,22.6,6.5,0.0,15.1
321,2023-05-21,20161.38,0,6,0,22.4,7.9,0.0,15.0
322,2023-05-22,16106.77,0,0,0,23.3,5.2,0.0,14.9
323,2023-05-23,12680.55,0,1,0,24.3,6.3,0.0,14.8
324,2023-05-24,18357.56,0,2,0,24.0,6.5,0.0,14.7
325,2023-05-25,20944.54,0,3,0,24.4,8.3,0.0,14.7
326,2023-05-26,22936.68,0,4,0,27.2,7.5,0.0,14.3
327,2023-05-27,28558.6,0,5,0,23.0,9.2,0.0,14.5
328,2023-05-28,23826.32,0,6,0,22.0,7.2,0.0,14.5
329,2023-05-29,13760.75,0,0,0,21.9,7.1,0.0,14.4
330,2023-05-30,13370.29,0,1,0,22.6,4.5,0.0,14.4
331,2023-05-31,15912.12,0,2,0,23.9,4.7,0.0,14.2
332,2023-06-01,16365.53,0,3,0,25.0,6.6,0.0,14.2
333,2023-06-02,23712.7,0,4,0,24.9,8.0,0.0,13.8
334,2023-06-03,27411.88,0,5,0,23.8,10.3,0.0,10.7
335,2023-06-04,21843.98,0,6,0,22.7,16.2,0.0,7.6
336,2023-06-05,19437.62,0,0,0,22.2,13.6,4.0,11.2
337,2023-06-06,18008.22,0,1,0,23.2,12.4,0.0,10.6
338,2023-06-07,16476.36,0,2,0,22.5,11.2,0.0,10.7
339,2023-06-08,19069.81,0,3,0,23.9,10.1,0.0,12.0
340,2023-06-09,22461.44,0,4,0,23.1,13.5,0.0,13.9
341,2023-06-10,31458.43,0,5,0,23.4,6.5,0.0,13.7
342,2023-06-11,26592.08,0,6,0,24.1,8.6,0.0,13.1
343,2023-06-12,17514.28,0,0,0,21.4,12.2,0.0,8.4
344,2023-06-13,15394.04,0,1,0,24.9,11.9,0.0,13.3
345,2023-06-14,18546.41,0,2,0,25.1,7.2,0.0,13.7
346,2023-06-15,25075.41,0,3,0,21.6,6.6,0.0,13.8
347,2023-06-16,24795.59,0,4,0,22.0,4.8,0.0,13.8
348,2023-06-17,27893.86,0,5,0,22.9,4.4,0.0,13.6
349,2023-06-18,21857.07,0,6,0,23.8,6.7,0.0,13.6
350,2023-06-19,20758.22,0,0,0,22.9,7.5,0.0,13.7
351,2023-06-20,19318.77,0,1,0,20.8,4.3,0.0,13.5
352,2023-06-21,25323.79,0,2,0,20.9,3.7,0.0,13.7
353,2023-06-22,35270.96,0,3,0,21.4,4.7,0.0,11.4
354,2023-06-23,33832.08,0,4,0,24.5,8.4,0.0,11.6
355,2023-06-24,35861.9,0,5,1,25.1,6.2,0.0,13.8
356,2023-06-25,33464.07,0,6,1,27.5,5.0,0.0,13.8
357,2023-06-26,37056.42,0,0,1,25.2,9.2,0.0,13.8
358,2023-06-27,42006.95,0,1,1,23.0,9.7,0.0,13.8
359,2023-06-28,44682.8,0,2,1,26.1,8.4,0.0,13.5
360,2023-06-29,45513.02,0,3,1,22.4,15.0,0.0,12.2
361,2023-06-30,45358.73,0,4,1,20.6,7.2,0.0,13.9
362,2023-07-01,44118.57,0,5,1,19.2,7.0,0.0,11.2
363,2023-07-02,46962.79,0,6,1,21.5,6.3,0.0,12.9
364,2023-07-03,61912.66,0,0,1,19.4,12.3,0.0,6.9
365,2023-07-04,47435.41,0,1,1,20.3,14.1,11.0,6.5
366,2023-07-05,45877.48,0,2,1,24.9,15.8,29.0,13.6
367,2023-07-06,41220.93,0,3,1,23.9,10.4,0.0,11.6
368,2023-07-07,50851.7,0,4,1,23.2,10.9,0.0,14.1
369,2023-07-08,34662.68,0,5,1,21.8,3.6,0.0,14.2
370,2023-07-09,40873.07,0,6,1,20.3,7.0,0.0,12.7
371,2023-07-10,23452.93,0,0,0,23.3,5.2,0.0,14.2
372,2023-07-11,20798.13,0,1,0,23.4,7.0,0.0,14.3
373,2023-07-12,23579.25,0,2,0,21.7,6.5,0.0,8.5
374,2023-07-13,21829.76,0,3,0,23.1,11.3,0.0,14.1
375,2023-07-14,35554.31,0,4,0,23.1,7.1,0.0,11.9
376,2023-07-15,32855.1,0,5,0,21.0,6.2,0.0,9.3
377,2023-07-16,24374.51,0,6,0,24.8,7.0,0.0,14.2
378,2023-07-17,19623.36,0,0,0,19.0,12.6,0.0,8.6
379,2023-07-18,22615.19,0,1,0,21.1,13.1,4.0,10.6
380,2023-07-19,23597.0,0,2,0,24.2,10.1,0.0,14.9
381,2023-07-20,20392.94,0,3,0,22.6,6.3,0.0,14.9
382,2023-07-21,25070.97,0,4,0,25.1,4.4,0.0,14.6
383,2023-07-22,30016.38,0,5,0,21.6,4.8,0.0,15.1
384,2023-07-23,24898.28,0,6,0,22.5,5.3,0.0,15.1
385,2023-07-24,16755.83,0,0,0,19.9,10.9,0.0,10.6
386,2023-07-25,16110.26,0,1,0,23.0,7.3,0.0,15.2
387,2023-07-26,21527.2,0,2,0,23.2,7.0,0.0,13.1
388,2023-07-27,20326.76,0,3,0,22.7,8.2,0.0,12.4
389,2023-07-28,24114.11,0,4,0,24.9,12.7,0.0,15.6
390,2023-07-29,27811.82,0,5,0,24.9,7.8,0.0,15.7
391,2023-07-30,23273.91,0,6,0,26.1,7.8,0.0,15.7
392,2023-07-31,20001.23,0,0,0,27.7,9.7,0.0,15.4
393,2023-08-01,18616.48,0,1,0,25.8,11.2,0.0,15.3
394,2023-08-02,23727.74,0,2,0,24.8,13.6,0.0,14.2
395,2023-08-03,21398.21,0,3,0,21.9,9.9,2.0,14.2
396,2023-08-04,30295.8,0,4,0,23.2,9.6,0.0,15.1
397,2023-08-05,36073.25,0,5,0,23.8,8.8,0.0,15.9
398,2023-08-06,23305.53,0,6,0,19.7,10.6,0.0,10.5
399,2023-08-07,21101.91,0,0,0,21.2,6.8,0.0,10.4
400,2023-08-08,22178.92,0,1,0,21.7,8.4,1.0,13.8
401,2023-08-09,25618.91,0,2,0,23.1,8.3,0.0,14.7
402,2023-08-10,22473.39,0,3,0,24.1,6.0,0.0,16.8
403,2023-08-11,24251.58,0,4,0,27.7,6.7,0.0,17.0
404,2023-08-12,32094.93,0,5,0,27.4,6.7,0.0,17.0
405,2023-08-13,24501.25,0,6,0,29.0,10.5,0.0,17.3
406,2023-08-14,27972.94,0,0,0,30.2,10.0,0.0,17.4
407,2023-08-15,22024.52,0,1,0,27.1,8.8,0.0,15.1
408,2023-08-16,33917.48,1,2,0,24.5,10.3,0.0,14.9
409,2023-08-17,27678.79,0,3,0,25.6,12.8,0.0,12.5
410,2023-08-18,24874.54,0,4,0,25.4,14.9,0.0,11.7
411,2023-08-19,32881.67,0,5,0,22.2,9.3,0.0,18.1
412,2023-08-20,25963.92,0,6,0,24.0,7.0,0.0,18.1
413,2023-08-21,16241.36,0,0,0,25.2,7.6,0.0,15.6
414,2023-08-22,18406.51,0,1,0,26.7,9.7,0.0,17.9
415,2023-08-23,26646.21,0,2,0,29.2,11.5,0.0,18.5
416,2023-08-24,16408.43,0,3,0,25.2,10.1,0.0,18.3
417,2023-08-25,21733.4,0,4,0,25.4,10.0,0.0,17.4
418,2023-08-26,29727.64,0,5,0,25.2,7.9,0.0,17.4
419,2023-08-27,23843.78,0,6,0,25.1,10.3,0.0,17.2
420,2023-08-28,26011.39,0,0,0,25.6,8.4,0.0,19.0
421,2023-08-29,15659.43,0,1,0,25.2,10.4,0.0,16.2
422,2023-08-30,21194.94,0,2,0,25.6,10.4,0.0,16.9
423,2023-08-31,28071.1,0,3,0,27.0,11.4,8.0,19.7
424,2023-09-01,36454.67,0,4,0,29.6,11.6,0.0,19.9
425,2023-09-02,25848.31,0,5,0,24.8,13.4,0.0,16.7
426,2023-09-03,21415.53,0,6,0,26.5,14.0,0.0,16.9
427,2023-09-04,16990.89,0,0,0,24.7,15.8,1.0,13.8
428,2023-09-05,17368.54,0,1,0,28.8,11.8,0.0,20.3
429,2023-09-06,18371.22,0,2,0,28.0,15.8,4.0,19.8
430,2023-09-07,24477.92,0,3,0,27.6,14.2,0.0,20.2
431,2023-09-08,18697.62,0,4,0,27.4,14.2,0.0,19.0
432,2023-09-09,26134.59,0,5,0,25.2,11.8,0.0,20.9
433,2023-09-10,27216.36,0,6,0,24.1,8.0,0.0,18.3
434,2023-09-11,15740.01,0,0,0,23.4,9.9,0.0,16.7
435,2023-09-12,25384.64,0,1,0,24.7,7.0,0.0,19.4
436,2023-09-13,31287.92,0,2,0,25.1,9.7,0.0,18.7
437,2023-09-14,26249.34,0,3,0,25.2,11.8,0.0,19.9
438,2023-09-15,30854.24,0,4,0,25.5,8.4,0.0,20.9
439,2023-09-16,35993.52,0,5,1,26.4,9.4,0.0,21.2
440,2023-09-17,34913.47,0,6,1,27.3,10.4,0.0,22.1
441,2023-09-18,40365.84,0,0,1,27.0,12.4,0.0,22.0
442,2023-09-19,40767.62,0,1,1,26.8,12.1,0.0,20.0
443,2023-09-20,48262.76,0,2,1,29.6,13.0,0.0,22.4
444,2023-09-21,48235.24,0,3,1,34.9,12.1,0.0,22.7
445,2023-09-22,46112.91,0,4,1,24.4,17.4,0.0,16.4
446,2023-09-23,40161.14,0,5,1,24.0,10.8,0.0,17.5
447,2023-09-24,44320.54,0,6,1,24.1,15.2,0.0,18.9
448,2023-09-25,56705.76,0,0,1,24.5,12.8,0.0,17.2
449,2023-09-26,41295.31,0,1,1,28.0,9.5,0.0,23.4
450,2023-09-27,39524.34,0,2,1,31.8,12.2,3.0,23.4
451,2023-09-28,66231.06999999999,0,3,1,29.9,15.4,0.0,13.6
452,2023-09-29,40904.8,0,4,1,27.9,15.3,12.0,20.8
453,2023-09-30,41312.59,0,5,1,28.5,13.9,0.0,24.0
454,2023-10-01,33113.49,0,6,1,27.0,13.8,0.0,24.4
455,2023-10-02,30857.23,1,0,1,28.9,12.7,0.0,24.6
456,2023-10-03,20581.66,0,1,0,27.8,13.6,0.0,23.2
457,2023-10-04,29745.8,0,2,0,27.7,18.2,0.0,19.8
458,2023-10-05,20239.26,0,3,0,28.5,17.6,0.0,17.4
459,2023-10-06,27624.2,0,4,0,27.5,13.4,0.0,23.4
460,2023-10-07,36217.9,0,5,0,23.0,15.0,0.0,15.8
461,2023-10-08,27343.81,0,6,0,24.3,10.6,0.0,16.5
462,2023-10-09,15669.53,0,0,0,26.3,10.3,0.0,23.3
463,2023-10-10,14921.04,0,1,0,28.1,11.4,0.0,25.3
464,2023-10-11,22437.42,0,2,0,28.4,13.9,0.0,22.0
465,2023-10-12,18156.71,0,3,0,28.9,13.7,0.0,25.5
466,2023-10-13,24657.97,0,4,0,34.0,14.9,0.0,26.1
467,2023-10-14,29629.9,0,5,0,30.4,15.4,0.0,23.9
468,2023-10-15,21192.62,0,6,0,33.1,15.4,0.0,26.4
469,2023-10-16,14610.23,0,0,0,32.1,17.5,0.0,23.4
470,2023-10-17,17520.64,0,1,0,27.7,16.5,0.0,25.2
471,2023-10-18,16794.46,0,2,0,25.9,14.2,0.0,16.0
472,2023-10-19,15207.89,0,3,0,26.3,13.7,0.0,20.8
473,2023-10-20,25707.19,0,4,0,28.7,14.0,0.0,23.4
474,2023-10-21,25376.23,0,5,0,29.2,15.2,0.0,26.8
475,2023-10-22,22019.32,0,6,0,31.2,18.9,0.0,27.0
476,2023-10-23,16667.97,0,0,0,32.3,19.1,0.0,26.0
477,2023-10-24,16320.02,0,1,0,30.3,18.9,0.0,27.0
478,2023-10-25,18976.18,0,2,0,30.7,18.8,0.0,27.5
479,2023-10-26,17606.47,0,3,0,30.3,19.8,0.0,23.2
480,2023-10-27,19907.3,0,4,0,23.6,18.0,5.0,9.4
481,2023-10-28,28028.47,0,5,0,25.7,14.0,12.0,22.2
482,2023-10-29,26153.64,0,6,0,25.4,12.6,0.0,22.9
483,2023-10-30,15501.14,0,0,0,28.6,14.7,0.0,27.5
484,2023-10-31,15253.15,0,1,0,32.7,14.7,0.0,28.2
485,2023-11-01,18231.84,0,2,0,28.2,19.1,0.0,25.3
486,2023-11-02,56994.1,0,3,0,27.7,13.1,0.0,22.0
487,2023-11-03,20845.61,0,4,0,25.9,14.1,0.0,15.0
488,2023-11-04,35544.67,0,5,0,27.7,17.6,4.0,19.2
489,2023-11-05,31157.85,0,6,0,22.9,18.5,16.0,12.0
490,2023-11-06,19257.8,0,0,0,24.5,17.2,1.0,13.1
491,2023-11-07,16698.38,0,1,0,25.0,12.1,0.0,20.7
492,2023-11-08,22383.29,0,2,0,27.1,15.6,0.0,23.1
493,2023-11-09,16694.08,0,3,0,27.9,13.6,0.0,27.8
494,2023-11-10,20660.39,0,4,0,28.0,16.3,1.0,19.6
495,2023-11-11,27135.38,0,5,0,27.2,14.8,11.0,20.5
496,2023-11-12,10628.85,0,6,0,29.0,15.5,0.0,25.7
497,2023-11-13,11140.63,0,0,0,30.6,17.1,0.0,29.7
498,2023-11-14,19587.79,0,1,0,29.2,20.5,0.0,23.8
499,2023-11-15,14326.16,0,2,0,33.1,20.6,0.0,27.0
500,2023-11-16,18528.0,0,3,0,34.3,22.2,0.0,24.6
501,2023-11-17,22106.35,0,4,0,34.0,23.0,0.0,22.2
502,2023-11-18,21918.74,0,5,0,27.5,16.7,0.0,28.9
503,2023-11-19,16265.52,0,6,0,28.5,14.3,0.0,22.7
504,2023-11-20,16288.19,0,0,0,23.1,19.9,3.0,7.2
505,2023-11-21,17645.06,0,1,0,27.8,18.6,45.0,16.6
506,2023-11-22,20293.73,0,2,0,27.6,21.3,1.0,15.5
507,2023-11-23,13963.12,0,3,0,26.8,18.8,0.0,21.1
508,2023-11-24,23486.05,0,4,0,28.7,18.8,0.0,24.5
509,2023-11-25,24870.35,0,5,0,25.4,19.0,2.0,10.4
510,2023-11-26,26608.9,0,6,0,28.6,17.5,0.0,22.0
511,2023-11-27,17842.95,0,0,0,31.4,18.6,0.0,24.9
512,2023-11-28,19940.17,0,1,0,27.5,20.3,7.0,10.0
513,2023-11-29,20529.82,0,2,0,31.2,19.6,18.0,23.2
514,2023-11-30,27205.15,0,3,0,34.0,21.1,0.0,30.9
515,2023-12-01,19036.64,0,4,0,34.8,22.2,0.0,26.6
516,2023-12-02,27723.06,0,5,0,33.2,19.1,22.0,30.6
517,2023-12-03,20726.66,0,6,0,34.7,21.5,0.0,30.0
518,2023-12-04,21445.65,0,0,0,31.8,21.3,0.0,27.5
519,2023-12-05,23347.57,0,1,0,31.1,21.5,0.0,24.3
520,2023-12-06,25179.43,0,2,0,33.6,21.0,0.0,31.2
521,2023-12-07,22392.66,0,3,0,31.6,20.5,0.0,30.8
522,2023-12-08,21649.7,0,4,0,31.4,19.2,0.0,28.3
523,2023-12-09,22574.46,0,5,1,29.8,21.7,0.0,25.7
524,2023-12-10,22249.56,0,6,1,30.4,20.1,0.0,27.4
525,2023-12-11,30013.39,0,0,1,29.9,20.8,0.0,28.2
526,2023-12-12,28993.98,0,1,1,30.8,20.5,0.0,22.5
527,2023-12-13,26801.94,0,2,1,30.5,20.1,0.0,29.1
528,2023-12-14,27312.01,0,3,1,33.0,21.5,0.0,29.7
529,2023-12-15,28440.75,0,4,1,35.9,23.8,0.0,19.5
530,2023-12-16,28587.84,0,5,1,33.4,19.5,24.0,23.6
531,2023-12-17,25624.13,0,6,1,34.6,22.9,5.0,29.9
532,2023-12-18,23472.35,0,0,1,32.1,24.3,0.0,29.2
533,2023-12-19,27087.59,0,1,1,31.3,22.4,0.0,29.8
534,2023-12-20,25597.02,0,2,1,31.0,21.0,0.0,25.8
535,2023-12-21,29357.47,0,3,1,27.8,23.0,1.0,9.1
536,2023-12-22,31697.99,0,4,1,27.4,19.6,18.0,15.7
537,2023-12-23,19307.19,0,5,1,29.9,17.5,0.0,29.2
538,2023-12-24,23073.36,0,6,1,26.6,19.0,29.0,5.5
539,2023-12-25,7529.4,1,0,1,33.5,18.6,21.0,30.3
540,2023-12-26,28082.7,1,1,1,32.8,20.4,6.0,22.9
541,2023-12-27,47985.0,0,2,1,32.8,21.0,23.0,28.6
542,2023-12-28,44876.05,0,3,1,36.2,20.4,0.0,31.5
543,2023-12-29,50802.98,0,4,1,37.5,21.8,0.0,30.6
544,2023-12-30,51703.55,0,5,1,28.5,25.3,0.0,7.1
545,2023-12-31,32827.12,0,6,1,31.7,18.8,0.0,28.3
546,2024-01-01,59677.09,1,0,1,23.7,20.6,31.0,4.9
547,2024-01-02,71919.9,0,1,1,26.8,20.3,95.0,6.8
548,2024-01-03,52613.84,0,2,1,31.5,19.7,7.0,21.3
549,2024-01-04,53854.84,0,3,1,31.9,21.1,1.0,27.2
550,2024-01-05,41114.71,0,4,1,31.2,21.6,0.0,21.6
551,2024-01-06,46680.29,0,5,1,28.6,21.4,0.0,18.7
552,2024-01-07,40549.88,0,6,1,29.3,20.3,0.0,22.6
553,2024-01-08,57131.92,0,0,1,29.8,21.3,2.0,17.0
554,2024-01-09,54297.79,0,1,1,31.1,23.9,24.0,17.2
555,2024-01-10,42157.94,0,2,1,32.3,23.4,1.0,24.9
556,2024-01-11,39297.96,0,3,1,30.4,21.4,3.0,22.4
557,2024-01-12,38623.96,0,4,1,30.9,20.2,7.0,20.3
558,2024-01-13,44794.99,0,5,1,31.0,22.1,28.0,23.0
559,2024-01-14,42598.58,0,6,1,33.1,19.8,0.0,30.1
560,2024-01-15,40835.04,0,0,1,28.9,23.6,1.0,14.3
561,2024-01-16,50812.01,0,1,1,28.4,22.0,12.0,10.9
562,2024-01-17,39279.23,0,2,1,30.6,21.8,9.0,21.4
563,2024-01-18,31640.31,0,3,1,33.4,24.5,2.0,19.1
564,2024-01-19,34476.29,0,4,1,34.9,22.8,18.0,29.6
565,2024-01-20,38178.88,0,5,1,31.7,24.0,13.0,20.1
566,2024-01-21,25496.43,0,6,1,33.5,23.9,0.0,26.0
567,2024-01-22,11809.33,0,0,0,37.7,24.1,0.0,27.8
568,2024-01-23,11343.81,0,1,0,28.3,23.7,0.0,12.7
569,2024-01-24,17365.28,0,2,0,30.5,20.5,0.0,29.7
570,2024-01-25,14719.68,0,3,0,32.1,19.4,0.0,30.2
571,2024-01-26,29057.23,1,4,0,31.8,22.0,0.0,13.4
572,2024-01-27,39666.08,0,5,0,35.4,26.4,0.0,27.2
573,2024-01-28,41202.96,0,6,0,30.3,24.2,66.0,9.8
574,2024-01-29,14007.46,0,0,0,32.0,24.3,8.0,15.5
575,2024-01-30,16153.23,0,1,0,29.9,25.0,21.0,11.3
576,2024-01-31,13500.64,0,2,0,31.1,22.3,0.0,25.9
577,2024-02-01,14060.32,0,3,0,31.7,21.5,0.0,26.0
578,2024-02-02,15328.95,0,4,0,34.6,20.2,0.0,29.6
579,2024-02-03,32034.85,0,5,0,33.1,23.1,0.0,25.3
580,2024-02-04,27998.06,0,6,0,31.1,22.9,0.0,14.3
581,2024-02-05,8253.8,0,0,0,32.0,23.3,0.0,29.0
582,2024-02-06,9252.29,0,1,0,33.5,24.6,0.0,23.9
583,2024-02-07,15323.03,0,2,0,31.0,23.8,0.0,16.1
584,2024-02-08,16838.46,0,3,0,30.5,21.7,1.0,19.0
585,2024-02-09,17085.4,0,4,0,28.3,20.8,5.0,14.8
586,2024-02-10,39836.47,0,5,0,27.5,22.2,3.0,10.5
587,2024-02-11,30761.73,0,6,0,30.9,20.6,8.0,26.0
588,2024-02-12,9852.06,0,0,0,29.4,19.8,4.0,19.5
589,2024-02-13,13834.29,0,1,0,28.8,19.8,3.0,21.3
590,2024-02-14,10524.04,0,2,0,32.0,20.0,0.0,21.0
591,2024-02-15,19862.52,0,3,0,30.2,24.1,0.0,17.1
592,2024-02-16,22493.15,0,4,0,26.6,22.3,53.0,5.8
593,2024-02-17,41052.13,0,5,0,30.8,18.9,16.0,25.7
594,2024-02-18,33524.34,0,6,0,30.9,20.2,1.0,26.4
595,2024-02-19,13024.34,0,0,0,29.7,20.2,0.0,14.5
596,2024-02-20,16272.46,0,1,0,31.1,18.9,3.0,25.8
597,2024-02-21,16126.58,0,2,0,32.0,19.5,0.0,25.8
598,2024-02-22,16266.8,0,3,0,33.2,20.6,0.0,25.9
599,2024-02-23,19091.2,0,4,0,35.9,22.4,0.0,27.1
600,2024-02-24,47595.62,0,5,0,29.7,25.5,1.0,12.1
601,2024-02-25,34445.03,0,6,0,30.1,22.7,7.0,15.2
602,2024-02-26,12203.84,0,0,0,33.0,21.3,17.0,25.3
603,2024-02-27,17326.87,0,1,0,31.3,24.0,0.0,20.4
604,2024-02-28,10919.23,0,2,0,31.5,20.2,0.0,25.0
605,2024-02-29,15512.0,0,3,0,32.3,21.7,0.0,25.2
606,2024-03-01,22038.39,0,4,0,31.6,21.0,0.0,23.3
607,2024-03-02,35978.92,0,5,0,33.3,20.2,0.0,25.9
608,2024-03-03,28820.79,0,6,0,29.2,24.1,1.0,11.5
609,2024-03-04,14841.34,0,0,0,32.6,23.3,0.0,16.1
610,2024-03-05,17319.98,0,1,0,27.7,21.3,14.0,15.7
611,2024-03-06,18034.32,0,2,0,30.1,19.2,3.0,24.5
612,2024-03-07,16063.67,0,3,0,30.7,18.7,0.0,23.3
613,2024-03-08,21760.41,0,4,0,30.5,20.3,0.0,20.6
614,2024-03-09,36527.13,0,5,0,30.2,19.1,0.0,24.5
615,2024-03-10,30242.48,0,6,0,29.6,19.6,2.0,18.2
616,2024-03-11,13970.22,0,0,0,28.7,21.0,1.0,17.4
617,2024-03-12,11572.14,0,1,0,30.4,19.4,4.0,23.9
618,2024-03-13,19852.8,0,2,0,30.1,18.9,0.0,22.6
619,2024-03-14,12976.88,0,3,0,28.5,19.5,0.0,16.1
620,2024-03-15,23845.33,0,4,0,30.7,17.1,0.0,16.8
621,2024-03-16,37031.67,0,5,0,28.4,19.2,0.0,15.5
622,2024-03-17,31404.41,0,6,0,27.6,17.7,0.0,16.2
623,2024-03-18,21179.72,0,0,0,29.5,20.6,13.0,20.6
624,2024-03-19,18021.42,0,1,0,29.5,20.5,1.0,16.7
625,2024-03-20,18099.98,0,2,0,31.4,19.6,23.0,22.2
626,2024-03-21,16735.02,0,3,0,27.2,21.3,0.0,11.4
627,2024-03-22,30659.52,0,4,0,28.6,19.3,0.0,15.9
628,2024-03-23,31490.9,0,5,0,26.2,16.8,0.0,14.6
629,2024-03-24,39526.76,0,6,0,21.4,19.5,2.0,6.3
630,2024-03-25,13475.05,0,0,0,21.9,18.3,6.0,5.8
631,2024-03-26,13875.4,0,1,0,22.8,20.1,23.0,7.7
632,2024-03-27,17514.0,0,2,0,26.2,20.5,48.0,8.7
633,2024-03-28,19553.59,0,3,0,29.1,19.4,23.0,20.7
634,2024-03-29,26543.42,1,4,1,29.2,16.6,0.0,15.8
635,2024-03-30,25323.41,1,5,1,28.9,19.4,0.0,17.8
636,2024-03-31,23511.54,1,6,1,28.3,17.2,0.0,16.7
637,2024-04-01,36490.81,1,0,1,27.4,18.9,0.0,12.0
638,2024-04-02,37853.71,0,1,1,29.8,19.7,0.0,17.2
639,2024-04-03,38978.19,0,2,1,32.3,20.0,0.0,21.0
640,2024-04-04,49907.2,0,3,1,27.7,22.1,0.0,13.6
641,2024-04-05,54484.2,0,4,1,25.7,19.8,4.0,9.7
642,2024-04-06,48390.72,0,5,1,29.2,19.5,8.0,16.7
643,2024-04-07,45345.74,0,6,1,29.8,21.8,15.0,15.2
644,2024-04-08,44573.69,0,0,1,30.3,21.0,0.0,18.5
645,2024-04-09,42513.17,0,1,1,29.4,20.2,0.0,15.4
646,2024-04-10,47730.27,0,2,1,27.7,15.0,0.0,19.9
647,2024-04-11,44644.85,0,3,1,27.5,13.3,0.0,19.6
648,2024-04-12,47156.09,0,4,1,28.0,14.2,0.0,18.2
649,2024-04-13,39078.71,0,5,1,28.3,14.9,0.0,16.3
650,2024-04-14,32128.27,0,6,1,29.0,16.0,0.0,18.5
651,2024-04-15,20183.12,0,0,0,28.8,15.9,0.0,16.9
652,2024-04-16,17032.15,0,1,0,29.3,16.2,0.0,18.9
653,2024-04-17,13352.93,0,2,0,28.2,15.8,0.0,16.1
654,2024-04-18,16064.87,0,3,0,26.4,16.9,0.0,13.3
655,2024-04-19,22612.95,0,4,0,28.5,16.6,0.0,18.1
656,2024-04-20,40186.9,0,5,0,25.1,13.8,0.0,10.6
657,2024-04-21,40062.91,0,6,0,21.5,16.9,20.0,7.3
658,2024-04-22,26718.63,0,0,0,26.1,15.3,15.0,16.7
659,2024-04-23,18590.71,0,1,0,26.6,14.7,6.0,16.3
660,2024-04-24,27179.5,0,2,0,27.4,15.3,1.0,17.2
661,2024-04-25,25578.13,1,3,0,27.8,13.5,0.0,17.1
662,2024-04-26,20501.45,0,4,0,24.5,16.9,0.0,12.2
663,2024-04-27,31850.34,0,5,0,25.5,13.1,0.0,13.2
664,2024-04-28,27865.24,0,6,0,26.0,14.2,0.0,16.7
665,2024-04-29,13925.61,0,0,0,27.0,13.6,0.0,16.8
666,2024-04-30,16974.32,0,1,0,26.7,13.3,0.0,14.5
667,2024-05-01,14881.83,0,2,0,25.2,13.2,0.0,15.7
668,2024-05-02,16301.9,0,3,0,24.3,16.4,0.0,13.2
669,2024-05-03,25176.51,0,4,0,23.8,16.3,0.0,12.9
670,2024-05-04,56407.7,0,5,0,22.9,14.0,1.0,10.8
671,2024-05-05,43442.39,0,6,0,26.4,16.5,1.0,13.0
672,2024-05-06,28226.38,1,0,0,25.9,13.7,0.0,14.3
673,2024-05-07,18275.77,0,1,0,24.2,13.9,0.0,11.6
674,2024-05-08,15095.26,0,2,0,24.3,13.3,6.0,14.0
675,2024-05-09,14483.09,0,3,0,24.5,14.8,0.0,11.3
676,2024-05-10,23171.78,0,4,0,25.5,14.3,1.0,14.9
677,2024-05-11,34921.25,0,5,0,24.9,14.7,0.0,12.0
678,2024-05-12,27605.84,0,6,0,25.7,16.3,3.0,11.8
679,2024-05-13,12519.67,0,0,0,24.4,12.3,0.0,15.7
680,2024-05-14,25913.77,0,1,0,26.2,10.5,0.0,15.3
681,2024-05-15,16841.87,0,2,0,26.0,13.2,3.0,14.8
682,2024-05-16,20369.12,0,3,0,19.8,15.0,3.0,8.3
683,2024-05-17,32523.39,0,4,0,22.8,12.4,9.0,10.6
684,2024-05-18,37933.69,0,5,0,25.3,12.4,0.0,14.3
685,2024-05-19,24530.09,0,6,0,22.7,10.8,0.0,15.1
686,2024-05-20,12964.14,0,0,0,23.4,9.1,0.0,15.0
687,2024-05-21,21126.07,0,1,0,23.0,7.1,0.0,13.7
688,2024-05-22,20602.42,0,2,0,23.2,10.6,0.0,12.9
689,2024-05-23,18716.63,0,3,0,24.1,8.9,0.0,14.8
690,2024-05-24,20912.43,0,4,0,24.5,9.0,0.0,13.8
691,2024-05-25,44786.09,0,5,0,20.9,15.2,5.0,9.1
692,2024-05-26,26178.72,0,6,0,24.6,13.4,5.0,12.8
693,2024-05-27,15241.85,0,0,0,25.2,10.8,0.0,14.3
694,2024-05-28,14702.76,0,1,0,24.4,11.3,0.0,11.6
695,2024-05-29,17854.82,0,2,0,24.5,9.7,0.0,13.2
696,2024-05-30,22472.1,0,3,0,23.2,12.8,0.0,9.7
697,2024-05-31,23744.84,0,4,0,26.4,14.9,6.0,12.9
698,2024-06-01,44067.67,0,5,0,22.0,16.7,2.0,6.6
699,2024-06-02,32600.33,0,6,0,22.1,11.2,2.0,14.2
700,2024-06-03,22148.83,0,0,0,21.1,11.3,0.0,14.1
701,2024-06-04,19528.07,0,1,0,21.5,7.3,0.0,14.0
702,2024-06-05,16841.94,0,2,0,22.6,6.3,0.0,14.0
703,2024-06-06,13349.99,0,3,0,22.6,10.6,0.0,14.0
704,2024-06-07,21512.05,0,4,0,20.3,9.1,0.0,14.0
705,2024-06-08,37157.25,0,5,0,21.8,8.8,0.0,13.9
706,2024-06-09,29393.91,0,6,0,23.4,8.8,0.0,13.2
707,2024-06-10,15561.44,0,0,0,23.3,7.9,0.0,13.7
708,2024-06-11,26806.88,0,1,0,22.3,6.6,0.0,13.8
709,2024-06-12,17265.91,0,2,0,24.5,8.3,0.0,13.4
710,2024-06-13,15024.94,0,3,0,20.8,6.0,0.0,13.8
711,2024-06-14,19312.79,0,4,0,22.7,6.3,0.0,13.8
712,2024-06-15,37434.89,0,5,0,22.7,9.3,0.0,13.7
713,2024-06-16,35450.57,0,6,0,21.8,9.2,0.0,13.4
714,2024-06-17,22645.99,0,0,0,20.6,7.1,0.0,13.8
715,2024-06-18,28873.79,0,1,0,21.4,8.0,0.0,13.7
716,2024-06-19,18866.98,0,2,0,21.6,8.2,0.0,13.8
717,2024-06-20,23576.55,0,3,0,21.2,5.4,0.0,10.9
718,2024-06-21,26799.42,0,4,0,24.4,6.0,0.0,13.0
719,2024-06-22,36635.81,0,5,1,20.8,13.3,0.0,9.2
720,2024-06-23,28132.99,0,6,1,20.9,4.7,0.0,13.8
721,2024-06-24,39357.41,0,0,1,23.3,6.9,0.0,13.4
722,2024-06-25,50063.95,0,1,1,23.7,11.1,4.0,12.4
723,2024-06-26,38979.4,0,2,1,24.9,9.9,0.0,13.7
724,2024-06-27,38935.34,0,3,1,25.2,11.8,0.0,13.4
725,2024-06-28,41032.54,0,4,1,24.5,10.2,0.0,13.6
726,2024-06-29,37874.14,0,5,1,23.3,9.1,0.0,10.5
727,2024-06-30,41406.69,0,6,1,27.7,11.8,0.0,12.8
728,2024-07-01,47820.69,0,0,1,19.2,16.9,2.0,5.3
729,2024-07-02,61025.55,0,1,1,16.5,13.1,13.0,7.5
730,2024-07-03,55380.03,0,2,1,18.9,13.1,13.0,8.6
731,2024-07-04,44555.05,0,3,1,21.7,12.5,0.0,13.2
732,2024-07-05,42756.74,0,4,1,21.8,8.6,0.0,12.7
733,2024-07-06,41045.74,0,5,1,22.1,10.2,1.0,13.4
734,2024-07-07,32647.3,0,6,1,22.5,10.6,1.0,13.5
735,2024-07-08,25447.64,0,0,0,21.1,9.5,1.0,10.1
736,2024-07-09,22687.74,0,1,0,21.8,12.4,1.0,9.5
737,2024-07-10,21042.79,0,2,0,24.1,13.7,0.0,11.0
738,2024-07-11,21693.29,0,3,0,23.4,11.3,0.0,13.6
739,2024-07-12,21638.65,0,4,0,23.8,8.6,0.0,14.4
740,2024-07-13,33290.31,0,5,0,20.6,9.8,0.0,13.4
741,2024-07-14,32945.18,0,6,0,20.8,8.3,0.0,14.5
742,2024-07-15,16986.45,0,0,0,19.6,6.2,0.0,14.3
743,2024-07-16,29647.46,0,1,0,18.5,4.5,0.0,14.5
744,2024-07-17,18988.78,0,2,0,16.9,7.6,0.0,14.7
745,2024-07-18,18631.35,0,3,0,19.9,9.9,0.0,13.9
746,2024-07-19,27484.82,0,4,0,21.0,6.1,0.0,14.9
747,2024-07-20,37334.33,0,5,0,23.7,3.6,0.0,14.9
748,2024-07-21,32256.95,0,6,0,21.7,8.7,0.0,15.0
749,2024-07-22,19098.37,0,0,0,22.2,6.0,0.0,15.1
750,2024-07-23,19900.83,0,1,0,23.3,4.6,0.0,15.2
751,2024-07-24,21819.43,0,2,0,23.9,7.2,0.0,14.0
752,2024-07-25,16606.9,0,3,0,24.2,8.4,0.0,13.7
753,2024-07-26,19082.63,0,4,0,25.3,7.9,0.0,13.7
754,2024-07-27,34641.659999999996,0,5,0,22.6,9.9,0.0,12.3
755,2024-07-28,25635.0,0,6,0,23.2,13.5,0.0,12.9
756,2024-07-29,12633.99,0,0,0,21.2,6.1,0.0,15.7
757,2024-07-30,16733.0,0,1,0,20.6,4.8,0.0,15.8
758,2024-07-31,16666.66,0,2,0,21.1,2.9,0.0,15.9
759,2024-08-01,19941.2,0,3,0,21.6,2.7,0.0,16.0
760,2024-08-02,18830.53,0,4,0,22.6,3.3,0.0,16.1
761,2024-08-03,30716.18,0,5,0,23.4,5.5,0.0,15.2
762,2024-08-04,27554.44,0,6,0,23.5,6.5,0.0,15.4
763,2024-08-05,20224.11,0,0,0,23.0,9.9,0.0,12.1
764,2024-08-06,16314.51,0,1,0,23.1,11.9,0.0,13.3
765,2024-08-07,20557.86,0,2,0,23.3,10.0,0.0,14.2
766,2024-08-08,20217.08,0,3,0,21.7,7.3,1.0,11.3
767,2024-08-09,22951.1,0,4,0,22.7,9.5,0.0,13.4
768,2024-08-10,35450.23,0,5,0,24.7,6.4,0.0,14.1
769,2024-08-11,30571.53,0,6,0,24.6,10.8,0.0,13.4
770,2024-08-12,28404.13,0,0,0,21.6,15.2,2.0,9.1
771,2024-08-13,31005.9,0,1,0,21.1,17.3,25.0,7.0
772,2024-08-14,35332.32,1,2,0,20.0,17.2,23.0,8.1
773,2024-08-15,16919.61,0,3,0,24.9,17.3,9.0,12.2
774,2024-08-16,29153.83,0,4,0,27.5,18.5,0.0,15.8
775,2024-08-17,29149.6,0,5,0,30.5,11.2,0.0,17.5
776,2024-08-18,25447.18,0,6,0,25.3,8.6,0.0,18.0
777,2024-08-19,17724.41,0,0,0,24.2,8.4,0.0,16.8
778,2024-08-20,22270.03,0,1,0,23.9,11.5,1.0,14.0
779,2024-08-21,21099.91,0,2,0,26.0,12.5,1.0,16.6
780,2024-08-22,15946.99,0,3,0,27.9,13.1,0.0,18.4
781,2024-08-23,20320.69,0,4,0,26.1,15.0,0.0,16.4
782,2024-08-24,30123.1,0,5,0,26.5,10.6,0.0,18.6
783,2024-08-25,26581.09,0,6,0,29.3,12.2,0.0,18.8
784,2024-08-26,13506.22,0,0,0,29.8,15.4,0.0,18.8
785,2024-08-27,19313.5,0,1,0,29.4,15.6,0.0,17.5
786,2024-08-28,17784.8,0,2,0,31.5,17.7,0.0,19.2
787,2024-08-29,17406.51,0,3,0,34.0,15.0,0.0,19.4
788,2024-08-30,26996.81,0,4,0,31.7,11.3,0.0,19.6
789,2024-08-31,21223.89,0,5,0,36.3,14.0,0.0,19.7
790,2024-09-01,27621.65,0,6,0,33.7,14.9,0.0,19.9
791,2024-09-02,15893.92,0,0,0,34.2,16.4,0.0,20.1
792,2024-09-03,18332.66,0,1,0,25.4,10.1,0.0,20.1
793,2024-09-04,15841.7,0,2,0,23.6,9.5,0.0,17.9
794,2024-09-05,16702.31,0,3,0,24.3,10.7,0.0,15.5
795,2024-09-06,19456.15,0,4,0,25.8,9.1,0.0,20.4
796,2024-09-07,30923.12,0,5,0,29.0,10.7,0.0,20.7
797,2024-09-08,32391.57,0,6,0,28.9,10.9,0.0,20.8
798,2024-09-09,16215.4,0,0,0,30.3,12.6,0.0,20.7
799,2024-09-10,25813.0,0,1,0,26.7,17.8,0.0,11.5
800,2024-09-11,20500.45,0,2,0,26.7,15.8,0.0,17.8
801,2024-09-12,21553.46,0,3,0,28.0,13.5,0.0,16.2
802,2024-09-13,31261.17,0,4,0,23.2,12.3,8.2,19.7
803,2024-09-14,38529.39,0,5,1,23.8,10.8,0.0,19.6
804,2024-09-15,34324.12,0,6,1,25.8,10.6,0.0,20.9
805,2024-09-16,34397.12,0,0,1,24.3,11.3,0.0,22.1
806,2024-09-17,41038.2,0,1,1,24.8,9.3,0.0,19.1
807,2024-09-18,39209.88,0,2,1,26.2,11.3,0.0,20.9
808,2024-09-19,44889.11,0,3,1,28.8,13.2,0.0,18.6
809,2024-09-20,37686.36,0,4,1,30.4,11.8,0.0,22.4
810,2024-09-21,34724.92,0,5,1,29.9,13.5,0.0,22.4
811,2024-09-22,37939.36,0,6,1,27.5,10.3,0.0,22.9
812,2024-09-23,44904.49,0,0,1,28.4,11.5,0.0,23.0
813,2024-09-24,40149.73,0,1,1,27.7,13.3,0.0,21.4
814,2024-09-25,41061.28,0,2,1,26.8,13.1,0.0,23.5
815,2024-09-26,44226.54,0,3,1,27.1,13.1,0.0,14.6
816,2024-09-27,47470.17,0,4,1,23.0,15.6,27.0,14.3
817,2024-09-28,50099.82,0,5,1,23.8,14.2,2.0,11.0
818,2024-09-29,34575.77,0,6,1,28.4,14.6,10.2,22.0
819,2024-09-30,20213.94,0,0,0,30.2,13.3,0.0,23.1
820,2024-10-01,21780.22,0,1,0,26.6,13.2,10.2,21.0
821,2024-10-02,19185.34,0,2,0,25.4,12.0,0.0,18.2
822,2024-10-03,15000.28,0,3,0,24.6,13.6,2.2,23.0
823,2024-10-04,23787.15,0,4,0,25.6,9.0,0.0,25.1
824,2024-10-05,35459.07,0,5,0,29.3,12.0,0.0,24.9
825,2024-10-06,30475.33,0,6,0,34.1,15.8,0.0,23.7
826,2024-10-07,29995.67,1,0,0,33.0,16.1,0.0,25.0
827,2024-10-08,24589.68,0,1,0,33.0,19.4,0.0,18.9
828,2024-10-09,15279.83,0,2,0,24.9,17.3,30.0,10.4
829,2024-10-10,23040.71,0,3,0,23.7,15.8,19.4,12.3
830,2024-10-11,24159.57,0,4,0,25.6,15.3,23.8,23.3
831,2024-10-12,36715.51,0,5,0,28.1,13.3,0.0,26.2
832,2024-10-13,35425.83,0,6,0,22.0,17.0,16.6,14.7
833,2024-10-14,15801.08,0,0,0,25.3,15.1,0.4,16.8
834,2024-10-15,17041.59,0,1,0,28.0,14.1,0.0,22.5
835,2024-10-16,13068.7,0,2,0,25.5,14.4,8.0,18.2
836,2024-10-17,15595.75,0,3,0,28.8,17.5,1.2,24.5
837,2024-10-18,19063.74,0,4,0,28.0,18.6,0.0,25.1
838,2024-10-19,28989.8,0,5,0,32.0,17.7,0.0,26.4
839,2024-10-20,25307.24,0,6,0,27.5,17.8,0.0,24.9
840,2024-10-21,16060.54,0,0,0,28.5,19.5,0.0,24.4
841,2024-10-22,16954.41,0,1,0,28.9,18.5,0.0,22.6
842,2024-10-23,11572.68,0,2,0,29.8,18.4,0.0,23.8
843,2024-10-24,27355.54,0,3,0,33.8,20.5,0.0,21.9
844,2024-10-25,16719.75,0,4,0,29.9,20.1,0.0,27.9
845,2024-10-26,30254.11,0,5,0,26.9,15.2,0.0,21.6
846,2024-10-27,26952.42,0,6,0,27.7,18.3,0.8,20.0
847,2024-10-28,20845.66,0,0,0,26.5,18.6,1.6,14.9
848,2024-10-29,18051.77,0,1,0,29.6,14.3,5.4,28.1
849,2024-10-30,12803.49,0,2,0,28.0,19.2,0.4,22.4
850,2024-10-31,11547.67,0,3,0,30.9,18.6,0.0,27.0
851,2024-11-01,15600.22,0,4,0,31.2,16.7,3.0,24.6
852,2024-11-02,28599.61,0,5,0,28.3,16.1,0.4,25.4
853,2024-11-03,24399.36,0,6,0,28.6,18.8,0.0,25.8
854,2024-11-04,21365.29,0,0,0,31.7,18.6,0.0,28.4
855,2024-11-05,19491.02,0,1,0,33.2,19.8,1.2,28.9
856,2024-11-06,15315.74,0,2,0,30.6,20.1,0.4,28.0
857,2024-11-07,16704.39,0,3,0,32.8,20.9,0.0,29.1
858,2024-11-08,19637.99,0,4,0,33.4,24.0,0.0,13.7
859,2024-11-09,35934.97,0,5,0,32.2,23.0,0.0,25.6
860,2024-11-10,24547.86,0,6,0,31.5,21.5,0.0,21.2
861,2024-11-11,22931.55,0,0,0,30.4,21.2,16.4,18.7
862,2024-11-12,19381.33,0,1,0,29.2,21.7,32.0,13.6
863,2024-11-13,10524.08,0,2,0,30.4,19.6,2.0,20.3
864,2024-11-14,14337.6,0,3,0,33.3,18.5,33.8,28.5
865,2024-11-15,22181.97,0,4,0,29.9,19.6,0.0,22.1
866,2024-11-16,39697.66,0,5,0,27.4,21.7,0.6,12.4
867,2024-11-17,27027.3,0,6,0,28.2,17.8,79.0,28.1
868,2024-11-18,19409.82,0,0,0,29.4,19.6,0.0,25.2
869,2024-11-19,23594.67,0,1,0,24.5,20.4,30.0,8.0
870,2024-11-20,19026.42,0,2,0,23.2,17.0,15.0,7.9
871,2024-11-21,19621.24,0,3,0,24.5,18.1,6.0,12.6
872,2024-11-22,23891.66,0,4,0,24.9,18.3,7.0,12.2
873,2024-11-23,36062.17,0,5,0,26.7,17.4,26.0,23.5
874,2024-11-24,23322.23,0,6,0,28.2,16.0,0.0,27.6
875,2024-11-25,16709.09,0,0,0,28.9,16.5,0.0,27.4
876,2024-11-26,19162.22,0,1,0,29.5,17.9,0.0,26.1
877,2024-11-27,13698.71,0,2,0,30.2,20.2,0.0,24.7
878,2024-11-28,15536.95,0,3,0,31.0,23.2,3.0,23.4
879,2024-11-29,16450.72,0,4,0,29.6,22.8,2.0,22.2
880,2024-11-30,41834.76,0,5,0,27.2,22.5,20.0,20.15
881,2024-12-01,32899.38,0,6,0,29.5,23.0,26.0,18.1
882,2024-12-02,19139.6,0,0,0,31.5,22.1,22.0,26.0
883,2024-12-03,21296.21,0,1,0,30.4,23.2,1.0,25.7
884,2024-12-04,24011.68,0,2,0,29.6,23.2,0.0,19.5
885,2024-12-05,15777.66,0,3,0,30.3,23.3,8.0,24.0
886,2024-12-06,16612.21,0,4,0,31.2,21.2,0.0,26.8
887,2024-12-07,25027.66,0,5,0,31.3,22.3,0.0,28.0
888,2024-12-08,23346.08,0,6,0,36.7,21.3,0.0,29.7
889,2024-12-09,23425.26,0,0,0,31.0,24.1,1.0,15.3
890,2024-12-10,28636.31,0,1,0,29.4,25.0,0.0,9.0
891,2024-12-11,27772.18,0,2,0,27.5,19.7,42.0,11.9
892,2024-12-12,24261.76,0,3,0,30.3,18.7,0.0,30.7
893,2024-12-13,24038.95,0,4,0,32.0,20.6,0.0,28.5
894,2024-12-14,34527.51,0,5,1,29.0,23.3,0.0,10.5
895,2024-12-15,30299.01,0,6,1,31.0,21.6,5.0,22.7
896,2024-12-16,36158.49,0,0,1,29.3,24.7,1.0,18.2
897,2024-12-17,33801.81,0,1,1,31.5,23.5,45.0,24.8
898,2024-12-18,28084.52,0,2,1,29.4,24.3,5.0,13.0
899,2024-12-19,27894.15,0,3,1,28.0,19.1,13.0,24.0
900,2024-12-20,24066.17,0,4,1,28.9,16.7,0.0,28.8
901,2024-12-21,28367.7,0,5,1,31.6,21.0,0.0,29.5
902,2024-12-22,21028.76,0,6,1,30.9,19.7,0.0,31.5
903,2024-12-23,23946.1,0,0,1,31.8,22.0,0.0,31.2
904,2024-12-24,17775.13,0,1,1,30.9,20.3,0.0,30.0
905,2024-12-25,6085.0199999999995,1,2,1,29.8,18.5,0.0,29.7
906,2024-12-26,24313.14,1,3,1,30.3,17.1,0.0,31.5
907,2024-12-27,30890.18,0,4,1,31.6,17.1,0.0,31.4
908,2024-12-28,36520.06,0,5,1,33.2,22.7,0.0,30.8
909,2024-12-29,38673.89,0,6,1,31.7,23.1,11.0,22.5
910,2024-12-30,43480.11,0,0,1,30.7,23.3,0.0,24.3
911,2024-12-31,35126.76,0,1,1,31.2,21.8,15.0,23.0
912,2025-01-01,31386.96,1,2,1,30.7,19.8,0.0,26.3
913,2025-01-02,48464.92,0,3,1,29.0,21.8,1.0,14.6
914,2025-01-03,42603.94,0,4,1,30.1,18.7,0.0,28.7
915,2025-01-04,40928.16,0,5,1,29.8,19.8,3.0,25.9
916,2025-01-05,34564.48,0,6,1,29.8,16.3,0.0,26.0
917,2025-01-06,29944.38,0,0,1,30.0,17.7,0.0,28.1
918,2025-01-07,39758.2,0,1,1,30.9,17.1,0.0,29.0
919,2025-01-08,39079.06,0,2,1,29.9,20.4,0.0,23.1
920,2025-01-09,41965.52,0,3,1,28.8,17.4,2.0,16.4
921,2025-01-10,44244.74,0,4,1,29.2,20.5,1.0,19.1
922,2025-01-11,61116.23,0,5,1,27.3,20.8,9.0,11.8
923,2025-01-12,53355.08,0,6,1,28.0,20.2,15.0,20.7
924,2025-01-13,46033.88,0,0,1,29.9,19.6,23.0,22.7
925,2025-01-14,37945.19,0,1,1,31.4,20.4,6.0,25.4
926,2025-01-15,37306.66,0,2,1,33.8,21.7,0.0,27.0
927,2025-01-16,38342.98,0,3,1,37.4,24.8,0.0,30.2
928,2025-01-17,31755.8,0,4,1,31.1,17.1,0.0,22.3
929,2025-01-18,37258.42,0,5,1,29.8,20.7,0.0,22.7
930,2025-01-19,45454.31,0,6,1,29.8,21.1,57.0,23.5
931,2025-01-20,30262.36,0,0,1,29.7,18.2,0.0,29.2
932,2025-01-21,34970.01,0,1,1,31.7,19.9,0.0,25.2
933,2025-01-22,31654.79,0,2,1,36.6,22.5,0.0,30.1
934,2025-01-23,35683.08,0,3,1,31.3,22.7,0.0,27.8
935,2025-01-24,39811.14,0,4,1,35.0,23.5,0.0,17.8
936,2025-01-25,34831.59,0,5,1,30.1,23.9,11.0,25.6
937,2025-01-26,28310.9,0,6,1,30.2,21.0,0.0,20.4
938,2025-01-27,26853.4,1,0,1,29.7,22.8,0.0,17.2
939,2025-01-28,8972.69,0,1,0,31.1,19.2,0.0,30.0
940,2025-01-29,11275.57,0,2,0,32.0,20.5,0.0,26.9
941,2025-01-30,10872.12,0,3,0,31.7,21.2,0.0,28.0
942,2025-01-31,16467.36,0,4,0,31.7,21.1,0.0,23.9
943,2025-02-01,30905.83,0,5,0,31.7,23.1,0.0,23.4
944,2025-02-02,24022.71,0,6,0,29.9,20.7,3.0,20.7
945,2025-02-03,18079.01,0,0,0,30.7,22.3,0.0,25.8
946,2025-02-04,10992.43,0,1,0,31.3,20.9,6.0,22.2
947,2025-02-05,21733.21,0,2,0,28.1,22.3,0.0,10.3
948,2025-02-06,11966.23,0,3,0,30.5,21.0,2.0,20.3
949,2025-02-07,18692.59,0,4,0,30.0,19.7,5.0,22.7
950,2025-02-08,35400.01,0,5,0,30.3,18.5,0.0,27.4
951,2025-02-09,28042.85,0,6,0,31.4,19.8,0.0,27.4
952,2025-02-10,16285.47,0,0,0,31.3,22.6,1.0,27.0
953,2025-02-11,16388.24,0,1,0,31.8,20.0,0.0,22.8
954,2025-02-12,12033.93,0,2,0,31.7,21.6,2.0,23.0
955,2025-02-13,12314.56,0,3,0,30.9,21.5,0.0,21.8
956,2025-02-14,14728.35,0,4,0,30.5,20.6,1.0,22.0
957,2025-02-15,37475.08,0,5,0,32.4,23.0,1.0,19.9
958,2025-02-16,27285.51,0,6,0,34.2,23.2,0.0,24.2
959,2025-02-17,18845.23,0,0,0,28.5,20.2,0.0,17.4
960,2025-02-18,9307.27,0,1,0,29.6,18.3,0.0,21.2
961,2025-02-19,14871.1,0,2,0,30.3,21.4,0.0,21.7
962,2025-02-20,12904.65,0,3,0,31.1,18.3,0.0,26.5
963,2025-02-21,14738.75,0,4,0,30.2,17.8,0.0,24.4
964,2025-02-22,34318.87,0,5,0,30.5,18.1,0.0,25.5
965,2025-02-23,25806.83,0,6,0,30.7,19.0,1.0,25.1
966,2025-02-24,13554.12,0,0,0,31.9,20.8,1.0,25.6
967,2025-02-25,15074.85,0,1,0,32.9,18.4,0.0,26.6
968,2025-02-26,15627.8,0,2,0,31.5,20.3,1.0,23.9
969,2025-02-27,10521.89,0,3,0,30.7,18.8,0.0,22.8
970,2025-02-28,15715.96,0,4,0,31.4,17.5,0.0,25.0
971,2025-03-01,32362.07,0,5,0,32.0,18.6,0.0,22.9
972,2025-03-02,24954.31,0,6,0,33.0,19.9,0.0,21.8
973,2025-03-03,13530.78,0,0,0,30.2,22.5,0.0,15.7
974,2025-03-04,11730.28,0,1,0,32.3,22.3,0.0,18.1
975,2025-03-05,5653.0,0,2,0,30.2,23.0,0.0,12.4
976,2025-03-06,2712.8999999999996,0,3,0,30.8,21.9,9.0,13.6
977,2025-03-07,1262.27,0,4,0,30.5,20.8,11.0,12.3
978,2025-03-08,5761.75,0,5,0,25.4,21.9,85.0,6.3
979,2025-03-09,18583.45,0,6,0,23.1,20.6,100.0,4.0
980,2025-03-10,26762.45,0,0,0,26.8,21.6,239.0,6.1
981,2025-03-11,23377.22,0,1,0,29.3,21.6,4.0,18.8
982,2025-03-12,15705.22,0,2,0,29.5,21.3,0.0,19.7
983,2025-03-13,15497.84,0,3,0,29.6,19.3,0.0,23.4
984,2025-03-14,29252.22,0,4,0,29.8,17.9,0.0,23.2
985,2025-03-15,38646.01,0,5,0,30.3,18.6,0.0,19.2
986,2025-03-16,27113.91,0,6,0,30.4,17.5,0.0,22.6
987,2025-03-17,14984.44,0,0,0,33.9,18.5,0.0,23.7
988,2025-03-18,20269.57,0,1,0,27.8,19.5,0.0,17.3
989,2025-03-19,16119.81,0,2,0,27.6,19.5,0.0,15.2
990,2025-03-20,16012.06,0,3,0,29.2,19.8,3.0,14.1
991,2025-03-21,18996.94,0,4,0,30.7,19.4,22.0,21.2
992,2025-03-22,33099.01,0,5,0,32.1,22.2,0.0,19.3
993,2025-03-23,26795.16,0,6,0,30.8,22.8,3.0,15.1
994,2025-03-24,15895.77,0,0,0,29.6,22.3,8.0,15.4
995,2025-03-25,21494.94,0,1,0,26.1,21.1,5.0,9.5
996,2025-03-26,20033.52,0,2,0,26.0,21.3,4.0,11.3
997,2025-03-27,20580.85,0,3,0,24.8,20.1,4.0,8.2
998,2025-03-28,26106.28,0,4,0,24.8,20.1,11.0,7.6
999,2025-03-29,49123.49,0,5,0,26.7,22.3,23.0,7.0
1000,2025-03-30,28358.76,0,6,0,31.9,19.8,35.0,20.0
1001,2025-03-31,26073.95,0,0,0,31.3,21.3,0.0,20.4
1002,2025-04-01,18928.81,0,1,0,27.0,21.1,0.0,12.8
1003,2025-04-02,21442.56,0,2,0,22.2,20.7,3.0,4.5
1004,2025-04-03,19511.29,0,3,0,25.6,19.5,38.0,10.2
1005,2025-04-04,24334.56,0,4,0,25.4,19.7,1.0,13.1
1006,2025-04-05,37359.18,0,5,1,30.1,19.0,1.0,19.7
1007,2025-04-06,34348.68,0,6,1,28.4,17.6,0.0,17.2
1008,2025-04-07,37709.21,0,0,1,29.7,16.0,0.0,20.5
1009,2025-04-08,46697.19,0,1,1,28.1,16.3,0.0,18.0
1010,2025-04-09,43997.8,0,2,1,27.4,17.2,0.0,16.5
1011,2025-04-10,42398.46,0,3,1,28.1,15.4,0.0,18.1
1012,2025-04-11,38059.8,0,4,1,28.8,16.6,0.0,19.4
1013,2025-04-12,57040.73,0,5,1,27.1,18.0,5.0,10.5
1014,2025-04-13,42595.98,0,6,1,27.2,17.8,25.0,18.2
1015,2025-04-14,46733.38,0,0,1,27.1,16.4,2.0,14.4
1016,2025-04-15,42677.02,0,1,1,26.2,16.6,3.0,13.0
1017,2025-04-16,42984.74,0,2,1,25.9,17.1,0.0,19.0
1018,2025-04-17,35642.21,0,3,1,28.0,15.4,0.0,18.4
1019,2025-04-18,44675.93,1,4,1,28.2,15.7,0.0,18.4
1020,2025-04-19,29828.78,1,5,1,29.9,15.9,0.0,18.4
1021,2025-04-20,25532.92,1,6,1,29.8,17.8,0.0,18.5
1022,2025-04-21,35995.79,1,0,1,30.0,16.7,0.0,16.2
1023,2025-04-22,22166.29,0,1,0,26.4,17.7,24.0,18.2
1024,2025-04-23,14743.94,0,2,0,26.9,13.9,0.0,15.6
1025,2025-04-24,28941.17,0,3,0,22.2,16.6,7.0,10.5
1026,2025-04-25,27757.33,1,4,0,23.7,18.1,41.0,10.7
1027,2025-04-26,40437.72,0,5,0,28.5,17.4,8.0,14.8
1028,2025-04-27,29182.88,0,6,0,28.3,17.8,0.0,17.4
1029,2025-04-28,14754.2,0,0,0,27.5,16.7,0.0,16.6
1030,2025-04-29,17382.93,0,1,0,27.9,14.4,0.0,16.8
1031,2025-04-30,13996.28,0,2,0,28.7,18.6,0.0,14.9
1032,2025-05-01,15206.06,0,3,0,24.3,13.4,1.0,16.0
1033,2025-05-02,18756.46,0,4,0,24.2,12.5,0.0,15.5
1034,2025-05-03,37750.0,0,5,0,25.6,14.1,0.0,15.8
1035,2025-05-04,37974.22,0,6,0,25.5,14.0,4.0,15.8
1036,2025-05-05,34938.14,1,0,0,26.3,13.5,3.0,13.7
1037,2025-05-06,10986.78,0,1,0,26.2,12.8,0.0,15.5
1038,2025-05-07,15135.61,0,2,0,26.2,12.8,0.0,15.8
1039,2025-05-08,15734.49,0,3,0,27.4,13.5,0.0,16.1
1040,2025-05-09,16945.99,0,4,0,24.7,14.6,4.0,14.0
1041,2025-05-10,34518.13,0,5,0,23.2,14.8,1.0,11.3
1042,2025-05-11,32230.57,0,6,0,23.7,14.3,10.0,13.0
1043,2025-05-12,16896.89,0,0,0,24.9,14.6,6.0,10.7
1044,2025-05-13,20618.75,0,1,0,25.9,13.9,3.0,14.4
1045,2025-05-14,19386.49,0,2,0,24.1,17.1,3.0,11.9
1046,2025-05-15,14135.76,0,3,0,24.2,16.3,4.0,11.5
1047,2025-05-16,28968.92,0,4,0,25.7,13.6,0.0,12.1
1048,2025-05-17,44068.57,0,5,0,25.7,17.5,6.0,11.4
1049,2025-05-18,25414.68,0,6,0,26.5,14.1,0.0,13.1
1050,2025-05-19,13692.37,0,0,0,23.3,16.0,0.0,11.8
1051,2025-05-20,21157.56,0,1,0,25.3,13.0,0.0,14.4
1052,2025-05-21,17502.79,0,2,0,26.6,13.7,0.0,14.8
1053,2025-05-22,15755.11,0,3,0,26.4,13.1,0.0,14.9
1054,2025-05-23,15378.85,0,4,0,25.8,11.6,0.0,14.8
1055,2025-05-24,32260.54,0,5,0,26.8,12.4,0.0,13.4
1056,2025-05-25,23995.93,0,6,0,28.4,12.9,0.0,11.4
1057,2025-05-26,14340.42,0,0,0,28.1,15.6,0.0,13.0
1058,2025-05-27,15128.53,0,1,0,29.2,14.3,0.0,13.2
1059,2025-05-28,14262.18,0,2,0,23.2,11.4,0.0,14.4
1060,2025-05-29,10953.22,0,3,0,22.9,14.0,0.0,12.0
1061,2025-05-30,23230.26,0,4,0,18.6,15.3,0.6,6.5
1062,2025-05-31,42670.4,0,5,0,20.5,15.5,14.4,8.8
1063,2025-06-01,33678.74,0,6,0,23.5,15.7,53.0,11.3
1064,2025-06-02,15024.62,0,0,0,23.4,13.3,1.0,10.6
1065,2025-06-03,19269.42,0,1,0,23.7,16.4,3.6,14.1
1066,2025-06-04,19016.3,0,2,0,22.3,13.6,0.0,13.4
1067,2025-06-05,13804.79,0,3,0,21.4,7.7,0.0,14.0
1068,2025-06-06,22523.12,0,4,0,23.4,8.2,0.0,13.6
1069,2025-06-07,31939.44,0,5,0,24.8,9.9,0.0,12.5
1070,2025-06-08,26830.32,0,6,0,22.7,6.2,0.0,13.9
1071,2025-06-09,16669.53,0,0,0,20.0,5.7,0.0,12.9
1072,2025-06-10,19015.21,0,1,0,19.8,7.7,0.0,13.9
1073,2025-06-11,12837.33,0,2,0,19.6,7.8,0.0,13.8
1074,2025-06-12,17985.15,0,3,0,19.3,5.8,0.0,13.6
1075,2025-06-13,16514.65,0,4,0,19.3,3.8,0.0,13.8
1076,2025-06-14,34159.7,0,5,0,20.7,4.9,0.0,13.3
1077,2025-06-15,28239.51,0,6,0,22.2,5.9,0.0,13.7
1078,2025-06-16,17859.15,0,0,0,23.0,6.2,0.0,13.4
1079,2025-06-17,18668.82,0,1,0,18.0,9.4,0.0,7.9
1080,2025-06-18,16337.5,0,2,0,21.5,11.3,0.0,12.5
1081,2025-06-19,15127.42,0,3,0,22.7,7.7,0.0,12.2
1082,2025-06-20,22384.41,0,4,0,22.4,8.6,0.0,9.8
1083,2025-06-21,40763.26,0,5,0,20.5,9.5,0.0,10.2
1084,2025-06-22,40672.05,0,6,0,22.5,12.0,3.0,10.8
1085,2025-06-23,27941.99,0,0,0,22.8,11.8,1.0,10.7
1086,2025-06-24,23484.21,0,1,0,25.1,13.3,1.0,11.1
1087,2025-06-25,22324.62,0,2,0,22.2,14.7,0.0,13.8
1088,2025-06-26,24521.74,0,3,0,20.0,6.3,0.0,13.8
1089,2025-06-27,28419.95,0,4,0,21.7,6.3,0.0,12.5
1090,2025-06-28,37392.78,0,5,1,21.6,12.7,0.0,11.1
1091,2025-06-29,42820.78,0,6,1,19.5,10.4,0.0,6.9
1092,2025-06-30,53647.77,0,0,1,17.3,14.5,12.0,5.9
1093,2025-07-01,42763.71,0,1,1,20.5,11.5,4.0,13.9
1094,2025-07-02,48695.64,0,2,1,19.1,9.3,0.0,14.0
1095,2025-07-03,40213.0,0,3,1,20.9,10.8,0.0,14.0
1096,2025-07-04,44603.31,0,4,1,22.4,7.5,0.0,14.0
1097,2025-07-05,43507.51,0,5,1,23.6,6.1,0.0,13.1
1098,2025-07-06,45684.72,0,6,1,24.8,11.8,0.0,11.6
1099,2025-07-07,56965.01,0,0,1,22.3,13.6,0.0,14.2
1100,2025-07-08,54898.69,0,1,1,22.3,5.1,0.0,14.2
1101,2025-07-09,49112.31,0,2,1,24.3,6.9,0.0,12.1
1102,2025-07-10,48656.56,0,3,1,24.1,11.0,0.0,13.7
1103,2025-07-11,51875.73,0,4,1,21.8,8.6,0.0,14.4
1104,2025-07-12,46943.22,0,5,1,21.5,8.4,0.0,14.4
